{"275301":[{"office":"Katirahi Bugurg BO","type":"BO","delivery":"Delivery","division":"Azamgarh Division","region":"Gorakhpur Region","circle":"Uttar Pradesh Circle","taluk":"","district":"MAU","state":"UTTAR PRADESH","lat":"25.8400000","lng":"83.8500000"},{"office":"Taktewarampur BO","type":"BO","delivery":"Delivery","division":"Azamgarh Division","region":"Gorakhpur Region","circle":"Uttar Pradesh Circle","taluk":"","district":"MAU","state":"UTTAR PRADESH","lat":"25.8400000","lng":"83.8500000"},{"office":"Badraon BO","type":"BO","delivery":"Delivery","division":"Azamgarh Division","region":"Gorakhpur Region","circle":"Uttar Pradesh Circle","taluk":"","district":"MAU","state":"UTTAR PRADESH","lat":"25.8400000","lng":"83.8500000"},{"office":"Bhatmila BO","type":"BO","delivery":"Delivery","division":"Azamgarh Division","region":"Gorakhpur Region","circle":"Uttar Pradesh Circle","taluk":"","district":"MAU","state":"UTTAR PRADESH","lat":"25.8400000","lng":"83.8500000"},{"office":"Pilsui BO","type":"BO","delivery":"Delivery","division":"Azamgarh Division","region":"Gorakhpur Region","circle":"Uttar Pradesh Circle","taluk":"","district":"MAU","state":"UTTAR PRADESH","lat":"25.8400000","lng":"83.8500000"},{"office":"Piwatal BO","type":"BO","delivery":"Delivery","division":"Azamgarh Division","region":"Gorakhpur Region","circle":"Uttar Pradesh Circle","taluk":"","district":"MAU","state":"UTTAR PRADESH","lat":"25.8400000","lng":"83.8500000"},{"office":"Amila SO","type":"PO","delivery":"Delivery","division":"Azamgarh Division","region":"Gorakhpur Region","circle":"Uttar Pradesh Circle","taluk":"","district":"MAU","state":"UTTAR PRADESH","lat":"26.1828889","lng":"83.5028889"},{"office":"Hemai BO","type":"BO","delivery":"Delivery","division":"Azamgarh Division","region":"Gorakhpur Region","circle":"Uttar Pradesh Circle","taluk":"","district":"MAU","state":"UTTAR PRADESH","lat":"20.0600000","lng":"80.0600000"},{"office":"Piruth Singhpur BO","type":"BO","delivery":"Delivery","division":"Azamgarh Division","region":"Gorakhpur Region","circle":"Uttar Pradesh Circle","taluk":"","district":"MAU","state":"UTTAR PRADESH","lat":"25.8400000","lng":"83.8500000"},{"office":"Rampur Sohand BO","type":"BO","delivery":"Delivery","division":"Azamgarh Division","region":"Gorakhpur Region","circle":"Uttar Pradesh Circle","taluk":"","district":"MAU","state":"UTTAR PRADESH","lat":"25.8400000","lng":"83.8500000"},{"office":"Usari Khurd BO","type":"BO","delivery":"Delivery","division":"Azamgarh Division","region":"Gorakhpur Region","circle":"Uttar Pradesh Circle","taluk":"","district":"MAU","state":"UTTAR PRADESH","lat":"25.8400000","lng":"83.8500000"},{"office":"Bojhi Bazar BO","type":"BO","delivery":"Delivery","division":"Azamgarh Division","region":"Gorakhpur Region","circle":"Uttar Pradesh Circle","taluk":"","district":"MAU","state":"UTTAR PRADESH","lat":"25.8400000","lng":"83.8500000"}],"275302":[{"office":"Fateh Pur Tal Naraja BO","type":"BO","delivery":"Delivery","division":"Azamgarh Division","region":"Gorakhpur Region","circle":"Uttar Pradesh Circle","taluk":"","district":"MAU","state":"UTTAR PRADESH","lat":"30.1000000","lng":"20.1000000"},{"office":"Hamid Pur BO","type":"BO","delivery":"Delivery","division":"Azamgarh Division","region":"Gorakhpur Region","circle":"Uttar Pradesh Circle","taluk":"","district":"MAU","state":"UTTAR PRADESH","lat":"30.1000000","lng":"20.1000000"},{"office":"Bhopaura SO","type":"PO","delivery":"Delivery","division":"Azamgarh Division","region":"Gorakhpur Region","circle":"Uttar Pradesh Circle","taluk":"","district":"MAU","state":"UTTAR PRADESH","lat":"25.0885833","lng":"83.4678889"},{"office":"Narawa Sarai BO","type":"BO","delivery":"Delivery","division":"Azamgarh Division","region":"Gorakhpur Region","circle":"Uttar Pradesh Circle","taluk":"","district":"MAU","state":"UTTAR PRADESH","lat":"26.1800000","lng":"82.9100000"},{"office":"Iraura Chaubey Pur BO","type":"BO","delivery":"Delivery","division":"Azamgarh Division","region":"Gorakhpur Region","circle":"Uttar Pradesh Circle","taluk":"","district":"MAU","state":"UTTAR PRADESH","lat":"26.1800000","lng":"82.9100000"},{"office":"Vijra Pura BO","type":"BO","delivery":"Delivery","division":"Azamgarh Division","region":"Gorakhpur Region","circle":"Uttar Pradesh Circle","taluk":"","district":"MAU","state":"UTTAR PRADESH","lat":"26.1800000","lng":"82.9100000"}],"275304":[{"office":"Jamdih BO","type":"BO","delivery":"Delivery","division":"Azamgarh Division","region":"Gorakhpur Region","circle":"Uttar Pradesh Circle","taluk":"","district":"MAU","state":"UTTAR PRADESH","lat":"26.1100000","lng":"83.5400000"},{"office":"Ahamadpur Asana BO","type":"BO","delivery":"Delivery","division":"Azamgarh Division","region":"Gorakhpur Region","circle":"Uttar Pradesh Circle","taluk":"","district":"MAU","state":"UTTAR PRADESH","lat":"25.1100000","lng":"83.5400000"},{"office":"Manik Pur Haraura BO","type":"BO","delivery":"Delivery","division":"Azamgarh Division","region":"Gorakhpur Region","circle":"Uttar Pradesh Circle","taluk":"","district":"MAU","state":"UTTAR PRADESH","lat":"26.1100000","lng":"83.5400000"},{"office":"Pakari Bujurg BO","type":"BO","delivery":"Delivery","division":"Azamgarh Division","region":"Gorakhpur Region","circle":"Uttar Pradesh Circle","taluk":"","district":"MAU","state":"UTTAR PRADESH","lat":"26.1100000","lng":"83.5400000"},{"office":"GHOSI SO","type":"PO","delivery":"Delivery","division":"Azamgarh Division","region":"Gorakhpur Region","circle":"Uttar Pradesh Circle","taluk":"","district":"MAU","state":"UTTAR PRADESH","lat":"26.1200000","lng":"83.5400000"},{"office":"Sultan Pur BO","type":"BO","delivery":"Delivery","division":"Azamgarh Division","region":"Gorakhpur Region","circle":"Uttar Pradesh Circle","taluk":"","district":"MAU","state":"UTTAR PRADESH","lat":"26.1100000","lng":"83.5400000"}],"275105":[{"office":"Kalyanpur BO","type":"BO","delivery":"Delivery","division":"Azamgarh Division","region":"Gorakhpur Region","circle":"Uttar Pradesh Circle","taluk":"","district":"MAU","state":"UTTAR PRADESH","lat":"25.9400000","lng":"83.4700000"},{"office":"JAMALMIRZAPUR SO","type":"PO","delivery":"Delivery","division":"Azamgarh Division","region":"Gorakhpur Region","circle":"Uttar Pradesh Circle","taluk":"","district":"MAU","state":"UTTAR PRADESH","lat":"25.9400000","lng":"83.4700000"},{"office":"Ariyaso BO","type":"BO","delivery":"Delivery","division":"Azamgarh Division","region":"Gorakhpur Region","circle":"Uttar Pradesh Circle","taluk":"","district":"MAU","state":"UTTAR PRADESH","lat":"25.9400000","lng":"83.4700000"},{"office":"Kari Sath BO","type":"BO","delivery":"Delivery","division":"Azamgarh Division","region":"Gorakhpur Region","circle":"Uttar Pradesh Circle","taluk":"","district":"MAU","state":"UTTAR PRADESH","lat":"25.9400000","lng":"83.4700000"},{"office":"Maur Bojh BO","type":"BO","delivery":"Delivery","division":"Azamgarh Division","region":"Gorakhpur Region","circle":"Uttar Pradesh Circle","taluk":"","district":"MAU","state":"UTTAR PRADESH","lat":"25.9400000","lng":"83.4700000"},{"office":"Lilari Bharauli BO","type":"BO","delivery":"Delivery","division":"Azamgarh Division","region":"Gorakhpur Region","circle":"Uttar Pradesh Circle","taluk":"","district":"MAU","state":"UTTAR PRADESH","lat":"25.9400000","lng":"83.4700000"},{"office":"Pidhwal BO","type":"BO","delivery":"Delivery","division":"Azamgarh Division","region":"Gorakhpur Region","circle":"Uttar Pradesh Circle","taluk":"","district":"MAU","state":"UTTAR PRADESH","lat":"25.9400000","lng":"83.4700000"},{"office":"Sarai Ganesh BO","type":"BO","delivery":"Delivery","division":"Azamgarh Division","region":"Gorakhpur Region","circle":"Uttar Pradesh Circle","taluk":"","district":"MAU","state":"UTTAR PRADESH","lat":"25.9400000","lng":"83.4700000"}],"275306":[{"office":"Bandi Ghat BO","type":"BO","delivery":"Delivery","division":"Azamgarh Division","region":"Gorakhpur Region","circle":"Uttar Pradesh Circle","taluk":"","district":"MAU","state":"UTTAR PRADESH","lat":"30.1000000","lng":"20.1000000"},{"office":"Jogari BO","type":"BO","delivery":"Delivery","division":"Azamgarh Division","region":"Gorakhpur Region","circle":"Uttar Pradesh Circle","taluk":"","district":"MAU","state":"UTTAR PRADESH","lat":"30.1000000","lng":"20.1000000"},{"office":"KOIRIYAPAR SO","type":"PO","delivery":"Delivery","division":"Azamgarh Division","region":"Gorakhpur Region","circle":"Uttar Pradesh Circle","taluk":"","district":"MAU","state":"UTTAR PRADESH","lat":"26.5500000","lng":"80.5900000"},{"office":"Mirpur Rahimabad BO","type":"BO","delivery":"Delivery","division":"Azamgarh Division","region":"Gorakhpur Region","circle":"Uttar Pradesh Circle","taluk":"","district":"MAU","state":"UTTAR PRADESH","lat":"30.1000000","lng":"20.1000000"},{"office":"Dangauli BO","type":"BO","delivery":"Delivery","division":"Azamgarh Division","region":"Gorakhpur Region","circle":"Uttar Pradesh Circle","taluk":"","district":"MAU","state":"UTTAR PRADESH","lat":"30.1000000","lng":"20.1000000"}],"275305":[{"office":"Bhela Bandh BO","type":"BO","delivery":"Delivery","division":"Azamgarh Division","region":"Gorakhpur Region","circle":"Uttar Pradesh Circle","taluk":"","district":"MAU","state":"UTTAR PRADESH","lat":"25.8600000","lng":"83.5200000"},{"office":"Tajopur BO","type":"BO","delivery":"Delivery","division":"Azamgarh Division","region":"Gorakhpur Region","circle":"Uttar Pradesh Circle","taluk":"","district":"MAU","state":"UTTAR PRADESH","lat":"12.1668100","lng":"77.1065600"},{"office":"Kurthi Zafar Pur BO","type":"BO","delivery":"Delivery","division":"Azamgarh Division","region":"Gorakhpur Region","circle":"Uttar Pradesh Circle","taluk":"","district":"MAU","state":"UTTAR PRADESH","lat":"25.8600000","lng":"83.5200000"},{"office":"Saharoj BO","type":"BO","delivery":"Delivery","division":"Azamgarh Division","region":"Gorakhpur Region","circle":"Uttar Pradesh Circle","taluk":"","district":"MAU","state":"UTTAR PRADESH","lat":"25.8600000","lng":"83.5200000"},{"office":"Badua Godam BO","type":"BO","delivery":"Delivery","division":"Azamgarh Division","region":"Gorakhpur Region","circle":"Uttar Pradesh Circle","taluk":"","district":"MAU","state":"UTTAR PRADESH","lat":"25.8600000","lng":"83.5200000"},{"office":"Hardas Pur BO","type":"BO","delivery":"Delivery","division":"Azamgarh Division","region":"Gorakhpur Region","circle":"Uttar Pradesh Circle","taluk":"","district":"MAU","state":"UTTAR PRADESH","lat":"25.8600000","lng":"83.5200000"},{"office":"Baktawar Ganj BO","type":"BO","delivery":"Delivery","division":"Azamgarh Division","region":"Gorakhpur Region","circle":"Uttar Pradesh Circle","taluk":"","district":"MAU","state":"UTTAR PRADESH","lat":"25.8600000","lng":"83.5200000"},{"office":"Dhawariya Sath BO","type":"BO","delivery":"Delivery","division":"Azamgarh Division","region":"Gorakhpur Region","circle":"Uttar Pradesh Circle","taluk":"","district":"MAU","state":"UTTAR PRADESH","lat":"26.0100000","lng":"83.5600000"},{"office":"KOPAGANJ SO","type":"PO","delivery":"Delivery","division":"Azamgarh Division","region":"Gorakhpur Region","circle":"Uttar Pradesh Circle","taluk":"","district":"MAU","state":"UTTAR PRADESH","lat":"26.0100000","lng":"83.5600000"},{"office":"Faizullahpur BO","type":"BO","delivery":"Delivery","division":"Azamgarh Division","region":"Gorakhpur Region","circle":"Uttar Pradesh Circle","taluk":"","district":"MAU","state":"UTTAR PRADESH","lat":"25.8600000","lng":"83.5200000"},{"office":"Itaura Dori Pur BO","type":"BO","delivery":"Delivery","division":"Azamgarh Division","region":"Gorakhpur Region","circle":"Uttar Pradesh Circle","taluk":"","district":"MAU","state":"UTTAR PRADESH","lat":"25.8600000","lng":"83.5200000"}],"275103":[{"office":"Bagali Pijra BO","type":"BO","delivery":"Delivery","division":"Azamgarh Division","region":"Gorakhpur Region","circle":"Uttar Pradesh Circle","taluk":"","district":"MAU","state":"UTTAR PRADESH","lat":"25.9400000","lng":"83.5500000"},{"office":"Khiriya BO","type":"BO","delivery":"Delivery","division":"Azamgarh Division","region":"Gorakhpur Region","circle":"Uttar Pradesh Circle","taluk":"","district":"MAU","state":"UTTAR PRADESH","lat":"25.9400000","lng":"83.5500000"},{"office":"Raikwardeeh BO","type":"BO","delivery":"Delivery","division":"Azamgarh Division","region":"Gorakhpur Region","circle":"Uttar Pradesh Circle","taluk":"","district":"MAU","state":"UTTAR PRADESH","lat":"25.9400000","lng":"83.5500000"},{"office":"Salahabad BO","type":"BO","delivery":"Delivery","division":"Azamgarh Division","region":"Gorakhpur Region","circle":"Uttar Pradesh Circle","taluk":"","district":"MAU","state":"UTTAR PRADESH","lat":"25.9600000","lng":"83.6900000"},{"office":"Piparidih BO","type":"BO","delivery":"Delivery","division":"Azamgarh Division","region":"Gorakhpur Region","circle":"Uttar Pradesh Circle","taluk":"","district":"MAU","state":"UTTAR PRADESH","lat":"25.9400000","lng":"83.5500000"},{"office":"Kushmaur SO","type":"PO","delivery":"Delivery","division":"Azamgarh Division","region":"Gorakhpur Region","circle":"Uttar Pradesh Circle","taluk":"","district":"MAU","state":"UTTAR PRADESH","lat":"25.9494980","lng":"83.5582030"}],"275307":[{"office":"Majhwara BO","type":"BO","delivery":"Delivery","division":"Azamgarh Division","region":"Gorakhpur Region","circle":"Uttar Pradesh Circle","taluk":"","district":"MAU","state":"UTTAR PRADESH","lat":"25.2900000","lng":"83.0800000"},{"office":"Semari Jamal Pur SO","type":"PO","delivery":"Delivery","division":"Azamgarh Division","region":"Gorakhpur Region","circle":"Uttar Pradesh Circle","taluk":"","district":"MAU","state":"UTTAR PRADESH","lat":"26.0535000","lng":"83.6466944"},{"office":"Bela Sultanpur BO","type":"BO","delivery":"Delivery","division":"Azamgarh Division","region":"Gorakhpur Region","circle":"Uttar Pradesh Circle","taluk":"","district":"MAU","state":"UTTAR PRADESH","lat":"25.2900000","lng":"83.0800000"},{"office":"Lakhani Mubarakpur BO","type":"BO","delivery":"Delivery","division":"Azamgarh Division","region":"Gorakhpur Region","circle":"Uttar Pradesh Circle","taluk":"","district":"MAU","state":"UTTAR PRADESH","lat":"25.2900000","lng":"83.0800000"},{"office":"Moongmas BO","type":"BO","delivery":"Delivery","division":"Azamgarh Division","region":"Gorakhpur Region","circle":"Uttar Pradesh Circle","taluk":"","district":"MAU","state":"UTTAR PRADESH","lat":"25.2900000","lng":"83.0800000"},{"office":"Pawani BO","type":"BO","delivery":"Delivery","division":"Azamgarh Division","region":"Gorakhpur Region","circle":"Uttar Pradesh Circle","taluk":"","district":"MAU","state":"UTTAR PRADESH","lat":"25.2900000","lng":"83.0800000"},{"office":"Makhmelpur BO","type":"BO","delivery":"Delivery","division":"Azamgarh Division","region":"Gorakhpur Region","circle":"Uttar Pradesh Circle","taluk":"","district":"MAU","state":"UTTAR PRADESH","lat":"25.2900000","lng":"83.0800000"},{"office":"Parsupur BO","type":"BO","delivery":"Delivery","division":"Azamgarh Division","region":"Gorakhpur Region","circle":"Uttar Pradesh Circle","taluk":"","district":"MAU","state":"UTTAR PRADESH","lat":"25.2900000","lng":"83.0800000"},{"office":"Lalitpur BO","type":"BO","delivery":"Delivery","division":"Azamgarh Division","region":"Gorakhpur Region","circle":"Uttar Pradesh Circle","taluk":"","district":"MAU","state":"UTTAR PRADESH","lat":"25.2900000","lng":"83.0800000"}],"275201":[{"office":"Pali BO","type":"BO","delivery":"Delivery","division":"Ghazipur Division","region":"Varanasi Region","circle":"Uttar Pradesh Circle","taluk":"","district":"GHAZIPUR","state":"UTTAR PRADESH","lat":"NA","lng":"NA"},{"office":"Bahadurganj","type":"PO","delivery":"Delivery","division":"Ghazipur Division","region":"Varanasi Region","circle":"Uttar Pradesh Circle","taluk":"","district":"GHAZIPUR","state":"UTTAR PRADESH","lat":"25.5765000","lng":"83.5731944"},{"office":"Ramgarh BO","type":"BO","delivery":"Delivery","division":"Ghazipur Division","region":"Varanasi Region","circle":"Uttar Pradesh Circle","taluk":"","district":"GHAZIPUR","state":"UTTAR PRADESH","lat":"NA","lng":"NA"},{"office":"Mahuwari BO","type":"BO","delivery":"Delivery","division":"Ghazipur Division","region":"Varanasi Region","circle":"Uttar Pradesh Circle","taluk":"","district":"GHAZIPUR","state":"UTTAR PRADESH","lat":"NA","lng":"NA"},{"office":"Salamatpur BO","type":"BO","delivery":"Delivery","division":"Ghazipur Division","region":"Varanasi Region","circle":"Uttar Pradesh Circle","taluk":"","district":"GHAZIPUR","state":"UTTAR PRADESH","lat":"NA","lng":"NA"}],"275202":[{"office":"Jalalabad BO","type":"BO","delivery":"Delivery","division":"Ghazipur Division","region":"Varanasi Region","circle":"Uttar Pradesh Circle","taluk":"","district":"GHAZIPUR","state":"UTTAR PRADESH","lat":"NA","lng":"NA"},{"office":"Lediha BO","type":"BO","delivery":"Delivery","division":"Ghazipur Division","region":"Varanasi Region","circle":"Uttar Pradesh Circle","taluk":"","district":"GHAZIPUR","state":"UTTAR PRADESH","lat":"NA","lng":"NA"},{"office":"Sikhari BO","type":"BO","delivery":"Delivery","division":"Ghazipur Division","region":"Varanasi Region","circle":"Uttar Pradesh Circle","taluk":"","district":"GHAZIPUR","state":"UTTAR PRADESH","lat":"NA","lng":"NA"},{"office":"Orarai BO","type":"BO","delivery":"Delivery","division":"Ghazipur Division","region":"Varanasi Region","circle":"Uttar Pradesh Circle","taluk":"","district":"GHAZIPUR","state":"UTTAR PRADESH","lat":"NA","lng":"NA"},{"office":"Dullahpur SO","type":"PO","delivery":"Delivery","division":"Ghazipur Division","region":"Varanasi Region","circle":"Uttar Pradesh Circle","taluk":"","district":"GHAZIPUR","state":"UTTAR PRADESH","lat":"25.8018889","lng":"83.4235000"},{"office":"Hardaspur Kalan BO","type":"BO","delivery":"Delivery","division":"Ghazipur Division","region":"Varanasi Region","circle":"Uttar Pradesh Circle","taluk":"","district":"GHAZIPUR","state":"UTTAR PRADESH","lat":"NA","lng":"NA"},{"office":"Baragaon BO","type":"BO","delivery":"Delivery","division":"Ghazipur Division","region":"Varanasi Region","circle":"Uttar Pradesh Circle","taluk":"","district":"GHAZIPUR","state":"UTTAR PRADESH","lat":"NA","lng":"NA"},{"office":"Dhamupur BO","type":"BO","delivery":"Delivery","division":"Ghazipur Division","region":"Varanasi Region","circle":"Uttar Pradesh Circle","taluk":"","district":"GHAZIPUR","state":"UTTAR PRADESH","lat":"NA","lng":"NA"},{"office":"Rehti Malipur BO","type":"BO","delivery":"Delivery","division":"Ghazipur Division","region":"Varanasi Region","circle":"Uttar Pradesh Circle","taluk":"","district":"GHAZIPUR","state":"UTTAR PRADESH","lat":"NA","lng":"NA"},{"office":"Tirchhi BO","type":"BO","delivery":"Delivery","division":"Ghazipur Division","region":"Varanasi Region","circle":"Uttar Pradesh Circle","taluk":"","district":"GHAZIPUR","state":"UTTAR PRADESH","lat":"NA","lng":"NA"}],"275203":[{"office":"Jalalpurdhani BO","type":"BO","delivery":"Delivery","division":"Ghazipur Division","region":"Varanasi Region","circle":"Uttar Pradesh Circle","taluk":"","district":"GHAZIPUR","state":"UTTAR PRADESH","lat":"NA","lng":"NA"},{"office":"Jakhania SO","type":"PO","delivery":"Delivery","division":"Ghazipur Division","region":"Varanasi Region","circle":"Uttar Pradesh Circle","taluk":"","district":"GHAZIPUR","state":"UTTAR PRADESH","lat":"25.7417500","lng":"83.3714444"},{"office":"Alipur Madara BO","type":"BO","delivery":"Delivery","division":"Ghazipur Division","region":"Varanasi Region","circle":"Uttar Pradesh Circle","taluk":"","district":"GHAZIPUR","state":"UTTAR PRADESH","lat":"NA","lng":"NA"},{"office":"Bhurkura BO","type":"BO","delivery":"Delivery","division":"Ghazipur Division","region":"Varanasi Region","circle":"Uttar Pradesh Circle","taluk":"","district":"GHAZIPUR","state":"UTTAR PRADESH","lat":"NA","lng":"NA"},{"office":"Khetabpur BO","type":"BO","delivery":"Delivery","division":"Ghazipur Division","region":"Varanasi Region","circle":"Uttar Pradesh Circle","taluk":"","district":"GHAZIPUR","state":"UTTAR PRADESH","lat":"NA","lng":"NA"},{"office":"Rampur Balbhadra BO","type":"BO","delivery":"Delivery","division":"Ghazipur Division","region":"Varanasi Region","circle":"Uttar Pradesh Circle","taluk":"","district":"GHAZIPUR","state":"UTTAR PRADESH","lat":"NA","lng":"NA"},{"office":"Burhanpur BO","type":"BO","delivery":"Delivery","division":"Ghazipur Division","region":"Varanasi Region","circle":"Uttar Pradesh Circle","taluk":"","district":"GHAZIPUR","state":"UTTAR PRADESH","lat":"NA","lng":"NA"},{"office":"Padumpur BO","type":"BO","delivery":"Delivery","division":"Ghazipur Division","region":"Varanasi Region","circle":"Uttar Pradesh Circle","taluk":"","district":"GHAZIPUR","state":"UTTAR PRADESH","lat":"NA","lng":"NA"},{"office":"Sadarjahanpur BO","type":"BO","delivery":"Delivery","division":"Ghazipur Division","region":"Varanasi Region","circle":"Uttar Pradesh Circle","taluk":"","district":"GHAZIPUR","state":"UTTAR PRADESH","lat":"NA","lng":"NA"},{"office":"Chauja BO","type":"BO","delivery":"Delivery","division":"Ghazipur Division","region":"Varanasi Region","circle":"Uttar Pradesh Circle","taluk":"","district":"GHAZIPUR","state":"UTTAR PRADESH","lat":"NA","lng":"NA"},{"office":"Jhotna","type":"BO","delivery":"Delivery","division":"Ghazipur Division","region":"Varanasi Region","circle":"Uttar Pradesh Circle","taluk":"","district":"GHAZIPUR","state":"UTTAR PRADESH","lat":"NA","lng":"NA"},{"office":"Orasan BO","type":"BO","delivery":"Delivery","division":"Ghazipur Division","region":"Varanasi Region","circle":"Uttar Pradesh Circle","taluk":"","district":"GHAZIPUR","state":"UTTAR PRADESH","lat":"NA","lng":"NA"}],"275204":[{"office":"Mirpur BO","type":"BO","delivery":"Delivery","division":"Ghazipur Division","region":"Varanasi Region","circle":"Uttar Pradesh Circle","taluk":"","district":"GHAZIPUR","state":"UTTAR PRADESH","lat":"NA","lng":"NA"},{"office":"Raipur BO","type":"BO","delivery":"Delivery","division":"Ghazipur Division","region":"Varanasi Region","circle":"Uttar Pradesh Circle","taluk":"","district":"GHAZIPUR","state":"UTTAR PRADESH","lat":"NA","lng":"NA"},{"office":"Barwa Kalan BO","type":"BO","delivery":"Delivery","division":"Ghazipur Division","region":"Varanasi Region","circle":"Uttar Pradesh Circle","taluk":"","district":"GHAZIPUR","state":"UTTAR PRADESH","lat":"NA","lng":"NA"},{"office":"Mirzapur BO","type":"BO","delivery":"Delivery","division":"Ghazipur Division","region":"Varanasi Region","circle":"Uttar Pradesh Circle","taluk":"","district":"GHAZIPUR","state":"UTTAR PRADESH","lat":"NA","lng":"NA"},{"office":"Sadat SO","type":"PO","delivery":"Delivery","division":"Ghazipur Division","region":"Varanasi Region","circle":"Uttar Pradesh Circle","taluk":"","district":"GHAZIPUR","state":"UTTAR PRADESH","lat":"25.67322222","lng":"83.30341667"},{"office":"Akbarpur BO","type":"BO","delivery":"Delivery","division":"Ghazipur Division","region":"Varanasi Region","circle":"Uttar Pradesh Circle","taluk":"","district":"GHAZIPUR","state":"UTTAR PRADESH","lat":"NA","lng":"NA"},{"office":"Bahariabad BO","type":"BO","delivery":"Delivery","division":"Ghazipur Division","region":"Varanasi Region","circle":"Uttar Pradesh Circle","taluk":"","district":"GHAZIPUR","state":"UTTAR PRADESH","lat":"NA","lng":"NA"},{"office":"Darhwal BO","type":"BO","delivery":"Delivery","division":"Ghazipur Division","region":"Varanasi Region","circle":"Uttar Pradesh Circle","taluk":"","district":"GHAZIPUR","state":"UTTAR PRADESH","lat":"NA","lng":"NA"},{"office":"Daulatnagar BO","type":"BO","delivery":"Delivery","division":"Ghazipur Division","region":"Varanasi Region","circle":"Uttar Pradesh Circle","taluk":"","district":"GHAZIPUR","state":"UTTAR PRADESH","lat":"NA","lng":"NA"},{"office":"Salempur Baghai BO","type":"BO","delivery":"Delivery","division":"Ghazipur Division","region":"Varanasi Region","circle":"Uttar Pradesh Circle","taluk":"","district":"GHAZIPUR","state":"UTTAR PRADESH","lat":"NA","lng":"NA"},{"office":"Shishuapar BO","type":"BO","delivery":"Delivery","division":"Ghazipur Division","region":"Varanasi Region","circle":"Uttar Pradesh Circle","taluk":"","district":"GHAZIPUR","state":"UTTAR PRADESH","lat":"NA","lng":"NA"},{"office":"Ukraon BO","type":"BO","delivery":"Delivery","division":"Ghazipur Division","region":"Varanasi Region","circle":"Uttar Pradesh Circle","taluk":"","district":"GHAZIPUR","state":"UTTAR PRADESH","lat":"NA","lng":"NA"},{"office":"Bhala Khurd BO","type":"BO","delivery":"Delivery","division":"Ghazipur Division","region":"Varanasi Region","circle":"Uttar Pradesh Circle","taluk":"","district":"GHAZIPUR","state":"UTTAR PRADESH","lat":"NA","lng":"NA"},{"office":"Hurmuzpur BO","type":"BO","delivery":"Delivery","division":"Ghazipur Division","region":"Varanasi Region","circle":"Uttar Pradesh Circle","taluk":"","district":"GHAZIPUR","state":"UTTAR PRADESH","lat":"NA","lng":"NA"},{"office":"Paliwar BO","type":"BO","delivery":"Delivery","division":"Ghazipur Division","region":"Varanasi Region","circle":"Uttar Pradesh Circle","taluk":"","district":"GHAZIPUR","state":"UTTAR PRADESH","lat":"NA","lng":"NA"},{"office":"Dora BO","type":"BO","delivery":"Delivery","division":"Ghazipur Division","region":"Varanasi Region","circle":"Uttar Pradesh Circle","taluk":"","district":"GHAZIPUR","state":"UTTAR PRADESH","lat":"NA","lng":"NA"},{"office":"Gadaipur BO","type":"BO","delivery":"Delivery","division":"Ghazipur Division","region":"Varanasi Region","circle":"Uttar Pradesh Circle","taluk":"","district":"GHAZIPUR","state":"UTTAR PRADESH","lat":"NA","lng":"NA"},{"office":"Maudhia BO","type":"BO","delivery":"Delivery","division":"Ghazipur Division","region":"Varanasi Region","circle":"Uttar Pradesh Circle","taluk":"","district":"GHAZIPUR","state":"UTTAR PRADESH","lat":"NA","lng":"NA"}],"275205":[{"office":"Guraini BO","type":"BO","delivery":"Delivery","division":"Ghazipur Division","region":"Varanasi Region","circle":"Uttar Pradesh Circle","taluk":"","district":"GHAZIPUR","state":"UTTAR PRADESH","lat":"NA","lng":"NA"},{"office":"Kharwadih BO","type":"BO","delivery":"Delivery","division":"Ghazipur Division","region":"Varanasi Region","circle":"Uttar Pradesh Circle","taluk":"","district":"GHAZIPUR","state":"UTTAR PRADESH","lat":"NA","lng":"NA"},{"office":"Shadiabad SO","type":"PO","delivery":"Delivery","division":"Ghazipur Division","region":"Varanasi Region","circle":"Uttar Pradesh Circle","taluk":"","district":"GHAZIPUR","state":"UTTAR PRADESH","lat":"25.6750556","lng":"83.3775000"},{"office":"Basewa BO","type":"BO","delivery":"Delivery","division":"Ghazipur Division","region":"Varanasi Region","circle":"Uttar Pradesh Circle","taluk":"","district":"GHAZIPUR","state":"UTTAR PRADESH","lat":"NA","lng":"NA"},{"office":"Sauri BO","type":"BO","delivery":"Delivery","division":"Ghazipur Division","region":"Varanasi Region","circle":"Uttar Pradesh Circle","taluk":"","district":"GHAZIPUR","state":"UTTAR PRADESH","lat":"NA","lng":"NA"},{"office":"Manihari BO","type":"BO","delivery":"Delivery","division":"Ghazipur Division","region":"Varanasi Region","circle":"Uttar Pradesh Circle","taluk":"","district":"GHAZIPUR","state":"UTTAR PRADESH","lat":"NA","lng":"NA"},{"office":"Surhurpur BO","type":"BO","delivery":"Delivery","division":"Ghazipur Division","region":"Varanasi Region","circle":"Uttar Pradesh Circle","taluk":"","district":"GHAZIPUR","state":"UTTAR PRADESH","lat":"NA","lng":"NA"}],"275303":[{"office":"Dohari  Ghat SO","type":"PO","delivery":"Delivery","division":"Azamgarh Division","region":"Gorakhpur Region","circle":"Uttar Pradesh Circle","taluk":"","district":"MAU","state":"UTTAR PRADESH","lat":"26.2693333","lng":"83.5084444"},{"office":"Mohammadabad Sipah BO","type":"BO","delivery":"Delivery","division":"Azamgarh Division","region":"Gorakhpur Region","circle":"Uttar Pradesh Circle","taluk":"","district":"MAU","state":"UTTAR PRADESH","lat":"12.2500000","lng":"10.2000000"},{"office":"Nai Bazar BO","type":"BO","delivery":"Delivery","division":"Azamgarh Division","region":"Gorakhpur Region","circle":"Uttar Pradesh Circle","taluk":"","district":"MAU","state":"UTTAR PRADESH","lat":"21.1100000","lng":"10.2200000"},{"office":"Gotha BO","type":"BO","delivery":"Delivery","division":"Azamgarh Division","region":"Gorakhpur Region","circle":"Uttar Pradesh Circle","taluk":"","district":"MAU","state":"UTTAR PRADESH","lat":"20.1100000","lng":"11.2100000"},{"office":"Panail BO","type":"BO","delivery":"Delivery","division":"Azamgarh Division","region":"Gorakhpur Region","circle":"Uttar Pradesh Circle","taluk":"","district":"MAU","state":"UTTAR PRADESH","lat":"22.1100000","lng":"11.2200000"},{"office":"Canal Head BO","type":"BO","delivery":"Delivery","division":"Azamgarh Division","region":"Gorakhpur Region","circle":"Uttar Pradesh Circle","taluk":"","district":"MAU","state":"UTTAR PRADESH","lat":"20.1000000","lng":"10.2000000"},{"office":"Mahula BO","type":"BO","delivery":"Delivery","division":"Azamgarh Division","region":"Gorakhpur Region","circle":"Uttar Pradesh Circle","taluk":"","district":"AZAMGARH","state":"UTTAR PRADESH","lat":"20.1200000","lng":"10.2100000"}],"275102":[{"office":"Adari BO","type":"BO","delivery":"Delivery","division":"Azamgarh Division","region":"Gorakhpur Region","circle":"Uttar Pradesh Circle","taluk":"","district":"MAU","state":"UTTAR PRADESH","lat":"25.9800000","lng":"83.6300000"},{"office":"Mohammadpur Math BO","type":"BO","delivery":"Delivery","division":"Azamgarh Division","region":"Gorakhpur Region","circle":"Uttar Pradesh Circle","taluk":"","district":"MAU","state":"UTTAR PRADESH","lat":"25.9800000","lng":"83.6200000"},{"office":"Ali Nagar BO","type":"BO","delivery":"Delivery","division":"Azamgarh Division","region":"Gorakhpur Region","circle":"Uttar Pradesh Circle","taluk":"","district":"MAU","state":"UTTAR PRADESH","lat":"12.1668100","lng":"77.1065600"},{"office":"Hathini BO","type":"BO","delivery":"Delivery","division":"Azamgarh Division","region":"Gorakhpur Region","circle":"Uttar Pradesh Circle","taluk":"","district":"MAU","state":"UTTAR PRADESH","lat":"25.9800000","lng":"83.6200000"},{"office":"Kasara BO","type":"BO","delivery":"Delivery","division":"Azamgarh Division","region":"Gorakhpur Region","circle":"Uttar Pradesh Circle","taluk":"","district":"MAU","state":"UTTAR PRADESH","lat":"25.9800000","lng":"83.6300000"},{"office":"INDARA","type":"PO","delivery":"Delivery","division":"Azamgarh Division","region":"Gorakhpur Region","circle":"Uttar Pradesh Circle","taluk":"","district":"MAU","state":"UTTAR PRADESH","lat":"26.0200000","lng":"83.6300000"}],"275101":[{"office":"Kahinaur BO","type":"BO","delivery":"Delivery","division":"Azamgarh Division","region":"Gorakhpur Region","circle":"Uttar Pradesh Circle","taluk":"","district":"MAU","state":"UTTAR PRADESH","lat":"25.9400000","lng":"83.5500000"},{"office":"Mau RS SO","type":"PO","delivery":"Non Delivery","division":"Azamgarh Division","region":"Gorakhpur Region","circle":"Uttar Pradesh Circle","taluk":"","district":"MAU","state":"UTTAR PRADESH","lat":"25.9377778","lng":"83.5633889"},{"office":"Mirjahadipura Chowk SO","type":"PO","delivery":"Non Delivery","division":"Azamgarh Division","region":"Gorakhpur Region","circle":"Uttar Pradesh Circle","taluk":"","district":"MAU","state":"UTTAR PRADESH","lat":"25.9590833","lng":"83.5453889"},{"office":"Mau HO","type":"HO","delivery":"Delivery","division":"Azamgarh Division","region":"Gorakhpur Region","circle":"Uttar Pradesh Circle","taluk":"","district":"MAU","state":"UTTAR PRADESH","lat":"25.9454152","lng":"83.5669856"},{"office":"Mau Town SO","type":"PO","delivery":"Non Delivery","division":"Azamgarh Division","region":"Gorakhpur Region","circle":"Uttar Pradesh Circle","taluk":"","district":"MAU","state":"UTTAR PRADESH","lat":"25.9518889","lng":"83.5551944"}]}