["24 PARAGANAS NORTH", "24 PARAGANAS SOUTH", "ADILABAD", "AGAR MALWA", "AGRA", "AHMADABAD", "AHMEDNAGAR", "AIZAWL", "AJMER", "AKOLA", "ALAPPUZHA", "ALIGARH", "ALIRAJPUR", "ALMORA", "ALWAR", "AMBALA", "AMBEDKAR NAGAR", "AMRAVATI", "AMRELI", "AMRITSAR", "AMROHA", "ANAND", "ANANTAPUR", "ANANTNAG", "ANJAW", "ANUGUL", "ANUPPUR", "ARARIA", "ARVALLI", "ARWAL", "ASHOKNAGAR", "AURAIYA", "AURANGABAD", "AYODHYA", "AZAMGARH", "Alipurduar", "Alluri Sitharama Raju", "Amethi", "Anakapalli", "Annamayya", "Ariyalur", "BAGALKOT", "BAGESHWAR", "BAGHPAT", "BAHRAICH", "BAKSA", "BALAGHAT", "BALANGIR", "BALESHWAR", "BALLARI", "BALLIA", "BALOD", "BALODA BAZAR", "BALRAMPUR", "BANAS KANTHA", "BANDA", "BANDIPORA", "BANKA", "BANKURA", "BANSWARA", "BARABANKI", "BARAMULLA", "BARAN", "BAREILLY", "BARGARH", "BARMER", "BARNALA", "BARPETA", "BARWANI", "BASTAR", "BASTI", "BATHINDA", "BEED", "BEGUSARAI", "BELAGAVI", "BEMETARA", "BENGALURU RURAL", "BENGALURU URBAN", "BETUL", "BHADOHI", "BHADRADRI KOTHAGUDEM", "BHADRAK", "BHAGALPUR", "BHANDARA", "BHARATPUR", "BHARUCH", "BHAVNAGAR", "BHILWARA", "BHIND", "BHIWANI", "BHOJPUR", "BHOPAL", "BIDAR", "BIJAPUR", "BIJNOR", "BIKANER", "BILASPUR", "BIRBHUM", "BISHNUPUR", "BOKARO", "BONGAIGAON", "BOTAD", "BOUDH", "BUDAUN", "BULANDSHAHR", "BULDHANA", "BUNDI", "BURHANPUR", "BUXAR", "Bajali", "Bapatla", "Biswanath", "Budgam", "CACHAR", "CENTRAL", "CHAMARAJANAGARA", "CHAMBA", "CHAMOLI", "CHAMPAWAT", "CHAMPHAI", "CHANDAULI", "CHANDEL", "CHANDIGARH", "CHANDRAPUR", "CHANGLANG", "CHARAIDEO", "CHARKI DADRI", "CHATRA", "CHENGALPATTU", "CHENNAI", "CHHATARPUR", "CHHINDWARA", "CHHOTAUDEPUR", "CHIKKABALLAPURA", "CHIKKAMAGALURU", "CHIRANG", "CHITRADURGA", "CHITRAKOOT", "CHITTOOR", "CHITTORGARH", "CHURACHANDPUR", "CHURU", "COIMBATORE", "COOCHBEHAR", "CUDDALORE", "CUTTACK", "DADRA AND NAGAR HAVELI", "DAKSHINA KANNADA", "DAMAN", "DAMOH", "DANG", "DANTEWADA", "DARBHANGA", "DARJEELING", "DARRANG", "DATIA", "DAUSA", "DAVANGERE", "DEHRADUN", "DEOGARH", "DEOGHAR", "DEORIA", "DEVBHUMI DWARKA", "DEWAS", "DHAMTARI", "DHANBAD", "DHAR", "DHARMAPURI", "DHARWAD", "DHEMAJI", "DHENKANAL", "DHOLPUR", "DHUBRI", "DHULE", "DIBANG VALLEY", "DIBRUGARH", "DIMA HASAO", "DIMAPUR", "DINAJPUR DAKSHIN", "DINAJPUR UTTAR", "DINDIGUL", "DINDORI", "DIU", "DODA", "DOHAD", "DUMKA", "DUNGARPUR", "DURG", "Dhalai", "EAST", "EAST DISTRICT", "EAST GARO HILLS", "EAST GODAVARI", "EAST JAINTIA HILLS", "EAST KAMENG", "EAST KHASI HILLS", "EAST NIMAR", "EAST SIANG", "EAST SINGHBUM", "ERNAKULAM", "ERODE", "ETAH", "ETAWAH", "Eluru", "FARIDABAD", "FARIDKOT", "FARRUKHABAD", "FATEHABAD", "FATEHGARH SAHIB", "FATEHPUR", "FAZILKA", "FIROZABAD", "FIROZEPUR", "GADAG", "GADCHIROLI", "GAJAPATI", "GANDERBAL", "GANDHINAGAR", "GANGANAGAR", "GANJAM", "GARHWA", "GARIYABAND", "GAUTAM BUDDHA NAGAR", "GAYA", "GHAZIABAD", "GHAZIPUR", "GIR SOMNATH", "GIRIDIH", "GOALPARA", "GODDA", "GOLAGHAT", "GONDA", "GONDIA", "GOPALGANJ", "GORAKHPUR", "GUMLA", "GUNA", "GUNTUR", "GURDASPUR", "GURUGRAM", "GWALIOR", "Gaurella Pendra Marwahi", "Gomati", "HAILAKANDI", "HAMIRPUR", "HANUMAKONDA", "HANUMANGARH", "HAPUR", "HARDA", "HARDOI", "HARIDWAR", "HASSAN", "HATHRAS", "HAVERI", "HAZARIBAGH", "HINGOLI", "HISAR", "HOJAI", "HOOGHLY", "HOSHANGABAD", "HOSHIARPUR", "HOWRAH", "HYDERABAD", "Hnahthial", "IDUKKI", "IMPHAL EAST", "IMPHAL WEST", "INDORE", "JABALPUR", "JAGATSINGHAPUR", "JAIPUR", "JAISALMER", "JAJAPUR", "JALANDHAR", "JALAUN", "JALGAON", "JALNA", "JALORE", "JALPAIGURI", "JAMMU", "JAMNAGAR", "JAMTARA", "JAMUI", "JANGOAN", "JANJGIR-CHAMPA", "JASHPUR", "JAUNPUR", "JAYASHANKAR BHUPALAPALLY", "JEHANABAD", "JHABUA", "JHAJJAR", "JHALAWAR", "JHANSI", "JHARSUGUDA", "JHUNJHUNU", "JIND", "JIRIBAM", "JODHPUR", "JOGULAMBA GADWAL", "JORHAT", "JUNAGADH", "Jagitial", "Jhargram", "KABIRDHAM", "KACHCHH", "KAIMUR (BHABUA)", "KAITHAL", "KAKCHING", "KALABURAGI", "KALAHANDI", "KALIMPONG", "KALLAKURICHI", "KAMAREDDY", "KAMJONG", "KAMLE", "KAMRUP", "KAMRUP METRO", "KANCHIPURAM", "KANDHAMAL", "KANGPOKPI", "KANGRA", "KANKER", "KANNAUJ", "KANNIYAKUMARI", "KANNUR", "KANPUR DEHAT", "KANPUR NAGAR", "KAPURTHALA", "KARAIKAL", "KARAULI", "KARBI ANGLONG", "KARGIL", "KARIMGANJ", "KARIMNAGAR", "KARNAL", "KARUR", "KASARAGOD", "KATHUA", "KATIHAR", "KATNI", "KAUSHAMBI", "KENDRAPARA", "KENDUJHAR", "KHAGARIA", "KHAMMAM", "KHARGONE", "KHAWZAWL", "KHEDA", "KHERI", "KHORDHA", "KHUNTI", "KINNAUR", "KIPHIRE", "KISHANGANJ", "KISHTWAR", "KODAGU", "KODERMA", "KOHIMA", "KOKRAJHAR", "KOLAR", "KOLASIB", "KOLHAPUR", "KOLKATA", "KOLLAM", "KONDAGAON", "KOPPAL", "KORAPUT", "KORBA", "KOREA", "KOTA", "KOTTAYAM", "KOZHIKODE", "KRA DAADI", "KRISHNA", "KRISHNAGIRI", "KULGAM", "KULLU", "KUMURAM BHEEM ASIFABAD", "KUPWARA", "KURNOOL", "KURUKSHETRA", "KURUNG KUMEY", "KUSHI NAGAR", "Kakinada", "Kasganj", "Khowai", "Konaseema", "LAHUL AND SPITI", "LAKHIMPUR", "LAKHISARAI", "LAKSHADWEEP DISTRICT", "LALITPUR", "LATEHAR", "LATUR", "LAWNGTLAI", "LEH LADAKH", "LEPARADA", "LOHARDAGA", "LOHIT", "LONGDING", "LONGLENG", "LOWER DIBANG VALLEY", "LOWER SIANG", "LOWER SUBANSIRI", "LUCKNOW", "LUDHIANA", "LUNGLEI", "MADHEPURA", "MADHUBANI", "MADURAI", "MAHABUBABAD", "MAHABUBNAGAR", "MAHARAJGANJ", "MAHASAMUND", "MAHE", "MAHENDRAGARH", "MAHESANA", "MAHOBA", "MAINPURI", "MAJULI", "MALAPPURAM", "MALDAH", "MALERKOTLA", "MALKANGIRI", "MAMIT", "MANCHERIAL", "MANDI", "MANDLA", "MANDSAUR", "MANDYA", "MANSA", "MARIGAON", "MATHURA", "MAU", "MAYILADUTHURAI", "MAYURBHANJ", "MEDAK", "MEDCHAL MALKAJGIRI", "MEDINIPUR EAST", "MEDINIPUR WEST", "MEERUT", "MIRZAPUR", "MOGA", "MOKOKCHUNG", "MON", "MORADABAD", "MORBI", "MORENA", "MUMBAI", "MUMBAI SUBURBAN", "MUNGELI", "MUNGER", "MURSHIDABAD", "MUZAFFARNAGAR", "MUZAFFARPUR", "MYSURU", "Mahisagar", "Mulugu", "NA", "NABARANGPUR", "NADIA", "NAGAON", "NAGAPATTINAM", "NAGARKURNOOL", "NAGAUR", "NAGPUR", "NAINITAL", "NALANDA", "NALBARI", "NALGONDA", "NAMAKKAL", "NAMSAI", "NANDED", "NANDURBAR", "NARAYANPUR", "NARMADA", "NARSINGHPUR", "NASHIK", "NAVSARI", "NAWADA", "NAYAGARH", "NEEMUCH", "NEW DELHI", "NICOBARS", "NIZAMABAD", "NONEY", "NORTH", "NORTH AND MIDDLE ANDAMAN", "NORTH DISTRICT", "NORTH EAST", "NORTH GARO HILLS", "NORTH GOA", "NORTH WEST", "NTR", "NUAPADA", "NUH", "Nandyal", "Narayanpet", "Nirmal", "Niwari", "Noklak", "North Tripura", "OSMANABAD", "PAKKE KESSANG", "PAKUR", "PALAKKAD", "PALAMU", "PALGHAR", "PALI", "PALWAL", "PANCH MAHALS", "PANCHKULA", "PANIPAT", "PANNA", "PAPUM PARE", "PARBHANI", "PASCHIM BARDHAMAN", "PASHCHIM CHAMPARAN", "PATAN", "PATHANAMTHITTA", "PATHANKOT", "PATIALA", "PATNA", "PAURI GARHWAL", "PEDDAPALLI", "PERAMBALUR", "PEREN", "PHEK", "PHERZAWL", "PILIBHIT", "PITHORAGARH", "PONDICHERRY", "POONCH", "PORBANDAR", "PRAKASAM", "PRATAPGARH", "PRAYAGRAJ", "PUDUKKOTTAI", "PULWAMA", "PUNE", "PURBA BARDHAMAN", "PURBI CHAMPARAN", "PURI", "PURNIA", "PURULIA", "Pakyong", "Palnadu", "Parvathipuram Manyam", "RAE BARELI", "RAICHUR", "RAIGAD", "RAIGARH", "RAIPUR", "RAISEN", "RAJANNA SIRCILLA", "RAJGARH", "RAJKOT", "RAJNANDGAON", "RAJOURI", "RAJSAMAND", "RAMANAGARA", "RAMANATHAPURAM", "RAMBAN", "RAMGARH", "RAMPUR", "RANCHI", "RANGA REDDY", "RATLAM", "RATNAGIRI", "RAYAGADA", "REASI", "REWA", "REWARI", "RI BHOI", "ROHTAK", "ROHTAS", "RUDRA PRAYAG", "RUPNAGAR", "Ranipet", "S.A.S Nagar", "SABAR KANTHA", "SAGAR", "SAHARANPUR", "SAHARSA", "SAHEBGANJ", "SAIHA", "SAITUAL", "SALEM", "SAMASTIPUR", "SAMBA", "SAMBALPUR", "SAMBHAL", "SANGAREDDY", "SANGLI", "SANGRUR", "SANT KABEER NAGAR", "SARAIKELA KHARSAWAN", "SARAN", "SATARA", "SATNA", "SAWAI MADHOPUR", "SEHORE", "SENAPATI", "SEONI", "SERCHHIP", "SHAHDARA", "SHAHDOL", "SHAHJAHANPUR", "SHAJAPUR", "SHAMLI", "SHEIKHPURA", "SHEOHAR", "SHEOPUR", "SHI YOMI", "SHIMLA", "SHIVAMOGGA", "SHIVPURI", "SHOPIAN", "SHRAVASTI", "SIANG", "SIDDHARTH NAGAR", "SIDDIPET", "SIDHI", "SIKAR", "SIMDEGA", "SINDHUDURG", "SINGRAULI", "SIRMAUR", "SIROHI", "SIRSA", "SITAMARHI", "SITAPUR", "SIVAGANGA", "SIVASAGAR", "SIWAN", "SOLAN", "SOLAPUR", "SONBHADRA", "SONEPUR", "SONIPAT", "SONITPUR", "SOUTH", "SOUTH ANDAMANS", "SOUTH DISTRICT", "SOUTH GARO HILLS", "SOUTH GOA", "SOUTH SALMARA MANCACHAR", "SOUTH WEST", "SOUTH WEST GARO HILLS", "SOUTH WEST KHASI HILLS", "SPSR NELLORE", "SRI MUKTSAR SAHIB", "SRIKAKULAM", "SRINAGAR", "SUKMA", "SULTANPUR", "SUNDARGARH", "SUPAUL", "SURAJPUR", "SURAT", "SURENDRANAGAR", "SURGUJA", "SURYAPET", "Sepahijala", "Shahid Bhagat Singh Nagar", "Soreng", "South East", "South Tripura", "Sri Sathya Sai", "TAMENGLONG", "TAPI", "TAWANG", "TEHRI GARHWAL", "TENGNOUPAL", "TENKASI", "THANE", "THANJAVUR", "THE NILGIRIS", "THENI", "THIRUVALLUR", "THIRUVANANTHAPURAM", "THIRUVARUR", "THOUBAL", "THRISSUR", "TIKAMGARH", "TINSUKIA", "TIRAP", "TIRUCHIRAPPALLI", "TIRUNELVELI", "TIRUPPUR", "TIRUVANNAMALAI", "TONK", "TUENSANG", "TUMAKURU", "TUTICORIN", "Tarn Taran", "Tirupathur", "Tirupati", "UDAIPUR", "UDALGURI", "UDAM SINGH NAGAR", "UDHAMPUR", "UDUPI", "UJJAIN", "UKHRUL", "UMARIA", "UNA", "UNNAO", "UPPER SIANG", "UPPER SUBANSIRI", "UTTAR KASHI", "UTTARA KANNADA", "Unakoti", "VADODARA", "VAISHALI", "VALSAD", "VARANASI", "VELLORE", "VIDISHA", "VIJAYAPURA", "VIJAYNAGAR", "VIKARABAD", "VILLUPURAM", "VIRUDHUNAGAR", "VISAKHAPATANAM", "VIZIANAGARAM", "WANAPARTHY", "WARANGAL", "WARDHA", "WASHIM", "WAYANAD", "WEST", "WEST DISTRICT", "WEST GARO HILLS", "WEST GODAVARI", "WEST JAINTIA HILLS", "WEST KAMENG", "WEST KARBI ANGLONG", "WEST KHASI HILLS", "WEST SIANG", "WEST SINGHBHUM", "WOKHA", "West Tripura", "Y.S.R.", "YADADRI BHUVANAGIRI", "YADGIR", "YAMUNANAGAR", "YANAM", "YAVATMAL", "ZUNHEBOTO"]